{"nodes":{"node:1":{"location":{"x":839,"y":300}}},"selection":null,"view":{"scroll":{"x":1130.1890869140625,"y":113.2144775390625},"zoom":1.4999997615814209}}