{"nodes":{"node:1":{"location":{"x":839,"y":300}}},"selection":null,"view":{"scroll":{"x":157.1796875,"y":24.9628982543945313},"zoom":1}}